{"is_source_file": true, "format": "JavaScript (React JSX)", "description": "This is the main entry point for a React application, responsible for rendering the root <App /> component into the DOM.", "external_files": ["./index.css", "./App"], "external_methods": ["ReactDOM.createRoot", "ReactDOM.createRoot().render"], "published": ["React", "ReactDOM", "App"], "classes": [], "methods": [], "calls": ["ReactDOM.createRoot", "root.render"], "search-terms": ["React", "ReactDOM", "index.js", "render", "App", "main entry point"], "state": 2, "file_id": 10, "knowledge_revision": 25, "git_revision": "a5a8202740a24dff48ee785837a2f83149312766", "ctags": [{"_type": "tag", "name": "root", "path": "/home/kavia/workspace/code-generation/simple-to-do-list-52371-52380/react_frontend/src/index.js", "pattern": "/^const root = ReactDOM.createRoot(document.getElementById('root'));$/", "language": "JavaScript", "kind": "constant"}], "hash": "9fc5841375336fc175b49f8767a11383", "format-version": 4, "code-base-name": "react_frontend", "filename": "react_frontend/src/index.js", "revision_history": [{"25": "a5a8202740a24dff48ee785837a2f83149312766"}]}