{"is_source_file": true, "format": "JavaScript", "description": "Test setup file for React testing library, configuring custom jest-matchers for DOM node assertions.", "external_files": ["@testing-library/jest-dom"], "external_methods": [], "published": [], "classes": [], "methods": [], "calls": ["import '@testing-library/jest-dom'"], "search-terms": ["jest-dom", "react", "testing-library", "setup", "jest-custom-matchers"], "state": 2, "file_id": 13, "knowledge_revision": 26, "git_revision": "a5a8202740a24dff48ee785837a2f83149312766", "ctags": [], "hash": "1a77571e1a8cf36018a41bcedf60db75", "format-version": 4, "code-base-name": "react_frontend", "filename": "react_frontend/src/setupTests.js", "revision_history": [{"26": "a5a8202740a24dff48ee785837a2f83149312766"}]}