{"is_source_file": false, "format": "", "description": "", "external_files": [], "external_methods": [], "published": [], "classes": [], "methods": [], "calls": [], "search-terms": [], "state": 2, "file_id": 8, "knowledge_revision": 12, "git_revision": "a5a8202740a24dff48ee785837a2f83149312766", "hash": "d001d53c059625c4bcf75bf5a7f3fcf0", "format-version": 4, "code-base-name": "react_frontend", "filename": "react_frontend/package.json", "revision_history": [{"12": "a5a8202740a24dff48ee785837a2f83149312766"}]}