{"is_source_file": false, "format": "", "description": "", "external_files": [], "external_methods": [], "published": [], "classes": [], "methods": [], "calls": [], "search-terms": [], "state": 2, "file_id": 6, "knowledge_revision": 20, "git_revision": "a5a8202740a24dff48ee785837a2f83149312766", "hash": "d9d975cebe2ec20b6c652e1e4c12ccf0", "format-version": 4, "code-base-name": "react_frontend", "filename": "react_frontend/public/manifest.json", "revision_history": [{"20": "a5a8202740a24dff48ee785837a2f83149312766"}]}