{"is_source_file": false, "format": "", "description": "", "external_files": [], "external_methods": [], "published": [], "classes": [], "methods": [], "calls": [], "search-terms": [], "state": 2, "file_id": 14, "knowledge_revision": 21, "git_revision": "a5a8202740a24dff48ee785837a2f83149312766", "hash": "6c2104b8d219ed99234ae2d6329f4357", "format-version": 4, "code-base-name": "react_frontend", "filename": "react_frontend/src/index.css", "revision_history": [{"21": "a5a8202740a24dff48ee785837a2f83149312766"}]}