{"is_source_file": false, "format": "", "description": "", "external_files": [], "external_methods": [], "published": [], "classes": [], "methods": [], "calls": [], "search-terms": [], "state": 2, "file_id": 4, "knowledge_revision": 15, "git_revision": "a5a8202740a24dff48ee785837a2f83149312766", "hash": "be6538e7523bc2e9da0743133d784136", "format-version": 4, "code-base-name": "react_frontend", "filename": "react_frontend/eslint.config.mjs", "revision_history": [{"15": "a5a8202740a24dff48ee785837a2f83149312766"}]}