{"is_source_file": false, "format": "", "description": "", "external_files": [], "external_methods": [], "published": [], "classes": [], "methods": [], "calls": [], "search-terms": [], "state": 2, "file_id": 7, "knowledge_revision": 19, "git_revision": "a5a8202740a24dff48ee785837a2f83149312766", "hash": "ebece526bc2eadd78ddd787a76c56607", "format-version": 4, "code-base-name": "react_frontend", "filename": "react_frontend/README.md", "revision_history": [{"19": "a5a8202740a24dff48ee785837a2f83149312766"}]}