{"is_source_file": false, "format": "", "description": "", "external_files": [], "external_methods": [], "published": [], "classes": [], "methods": [], "calls": [], "search-terms": [], "state": 2, "file_id": 5, "knowledge_revision": 14, "git_revision": "a5a8202740a24dff48ee785837a2f83149312766", "hash": "d2b40d02d5f7873d8a6713bad837edd4", "format-version": 4, "code-base-name": "react_frontend", "filename": "react_frontend/public/index.html", "revision_history": [{"14": "a5a8202740a24dff48ee785837a2f83149312766"}]}