{"is_source_file": false, "format": "", "description": "", "external_files": [], "external_methods": [], "published": [], "classes": [], "methods": [], "calls": [], "search-terms": ["CSS", "variables", "theme", "light", "dark", "responsive", "App", "react"], "state": 2, "file_id": 12, "knowledge_revision": 22, "git_revision": "a5a8202740a24dff48ee785837a2f83149312766", "hash": "22f9e17cc1848b56dbb244518ac2707e", "format-version": 4, "code-base-name": "react_frontend", "filename": "react_frontend/src/App.css", "revision_history": [{"22": "a5a8202740a24dff48ee785837a2f83149312766"}]}